{
  "hash": "cc628191",
  "configHash": "3c57c281",
  "lockfileHash": "77674c2a",
  "browserHash": "f91a5264",
  "optimized": {
    "@angular/animations": {
      "src": "../../../../../../node_modules/@angular/animations/fesm2022/animations.mjs",
      "file": "@angular_animations.js",
      "fileHash": "c67c5a24",
      "needsInterop": false
    },
    "@angular/common": {
      "src": "../../../../../../node_modules/@angular/common/fesm2022/common.mjs",
      "file": "@angular_common.js",
      "fileHash": "3f509b34",
      "needsInterop": false
    },
    "@angular/common/http": {
      "src": "../../../../../../node_modules/@angular/common/fesm2022/http.mjs",
      "file": "@angular_common_http.js",
      "fileHash": "ad983725",
      "needsInterop": false
    },
    "@angular/core": {
      "src": "../../../../../../node_modules/@angular/core/fesm2022/core.mjs",
      "file": "@angular_core.js",
      "fileHash": "c686b329",
      "needsInterop": false
    },
    "@angular/forms": {
      "src": "../../../../../../node_modules/@angular/forms/fesm2022/forms.mjs",
      "file": "@angular_forms.js",
      "fileHash": "fa9203da",
      "needsInterop": false
    },
    "@angular/platform-browser": {
      "src": "../../../../../../node_modules/@angular/platform-browser/fesm2022/platform-browser.mjs",
      "file": "@angular_platform-browser.js",
      "fileHash": "aed8085f",
      "needsInterop": false
    },
    "@angular/platform-browser/animations/async": {
      "src": "../../../../../../node_modules/@angular/platform-browser/fesm2022/animations/async.mjs",
      "file": "@angular_platform-browser_animations_async.js",
      "fileHash": "c2551d3e",
      "needsInterop": false
    },
    "@angular/router": {
      "src": "../../../../../../node_modules/@angular/router/fesm2022/router.mjs",
      "file": "@angular_router.js",
      "fileHash": "0d249c48",
      "needsInterop": false
    },
    "@ngxpert/hot-toast": {
      "src": "../../../../../../node_modules/@ngxpert/hot-toast/fesm2022/ngxpert-hot-toast.mjs",
      "file": "@ngxpert_hot-toast.js",
      "fileHash": "cd0b72f4",
      "needsInterop": false
    },
    "@primeng/themes": {
      "src": "../../../../../../node_modules/@primeng/themes/index.mjs",
      "file": "@primeng_themes.js",
      "fileHash": "54f9d75d",
      "needsInterop": false
    },
    "@primeng/themes/aura": {
      "src": "../../../../../../node_modules/@primeng/themes/aura/index.mjs",
      "file": "@primeng_themes_aura.js",
      "fileHash": "acf2a6e8",
      "needsInterop": false
    },
    "@primeng/themes/lara": {
      "src": "../../../../../../node_modules/@primeng/themes/lara/index.mjs",
      "file": "@primeng_themes_lara.js",
      "fileHash": "cd06b28a",
      "needsInterop": false
    },
    "@primeng/themes/nora": {
      "src": "../../../../../../node_modules/@primeng/themes/nora/index.mjs",
      "file": "@primeng_themes_nora.js",
      "fileHash": "1b76e919",
      "needsInterop": false
    },
    "mapbox-gl": {
      "src": "../../../../../../node_modules/mapbox-gl/dist/mapbox-gl.js",
      "file": "mapbox-gl.js",
      "fileHash": "d19a744f",
      "needsInterop": true
    },
    "primeng/accordion": {
      "src": "../../../../../../node_modules/primeng/fesm2022/primeng-accordion.mjs",
      "file": "primeng_accordion.js",
      "fileHash": "61348c07",
      "needsInterop": false
    },
    "primeng/api": {
      "src": "../../../../../../node_modules/primeng/fesm2022/primeng-api.mjs",
      "file": "primeng_api.js",
      "fileHash": "c6064e2c",
      "needsInterop": false
    },
    "primeng/autocomplete": {
      "src": "../../../../../../node_modules/primeng/fesm2022/primeng-autocomplete.mjs",
      "file": "primeng_autocomplete.js",
      "fileHash": "739b64a9",
      "needsInterop": false
    },
    "primeng/avatar": {
      "src": "../../../../../../node_modules/primeng/fesm2022/primeng-avatar.mjs",
      "file": "primeng_avatar.js",
      "fileHash": "3cc61184",
      "needsInterop": false
    },
    "primeng/avatargroup": {
      "src": "../../../../../../node_modules/primeng/fesm2022/primeng-avatargroup.mjs",
      "file": "primeng_avatargroup.js",
      "fileHash": "714e6975",
      "needsInterop": false
    },
    "primeng/badge": {
      "src": "../../../../../../node_modules/primeng/fesm2022/primeng-badge.mjs",
      "file": "primeng_badge.js",
      "fileHash": "7afc82ec",
      "needsInterop": false
    },
    "primeng/breadcrumb": {
      "src": "../../../../../../node_modules/primeng/fesm2022/primeng-breadcrumb.mjs",
      "file": "primeng_breadcrumb.js",
      "fileHash": "bb6a53e0",
      "needsInterop": false
    },
    "primeng/button": {
      "src": "../../../../../../node_modules/primeng/fesm2022/primeng-button.mjs",
      "file": "primeng_button.js",
      "fileHash": "9d250327",
      "needsInterop": false
    },
    "primeng/buttongroup": {
      "src": "../../../../../../node_modules/primeng/fesm2022/primeng-buttongroup.mjs",
      "file": "primeng_buttongroup.js",
      "fileHash": "377a6cfd",
      "needsInterop": false
    },
    "primeng/card": {
      "src": "../../../../../../node_modules/primeng/fesm2022/primeng-card.mjs",
      "file": "primeng_card.js",
      "fileHash": "5b2b3c3a",
      "needsInterop": false
    },
    "primeng/carousel": {
      "src": "../../../../../../node_modules/primeng/fesm2022/primeng-carousel.mjs",
      "file": "primeng_carousel.js",
      "fileHash": "88e5f1e5",
      "needsInterop": false
    },
    "primeng/chart": {
      "src": "../../../../../../node_modules/primeng/fesm2022/primeng-chart.mjs",
      "file": "primeng_chart.js",
      "fileHash": "674c6955",
      "needsInterop": false
    },
    "primeng/checkbox": {
      "src": "../../../../../../node_modules/primeng/fesm2022/primeng-checkbox.mjs",
      "file": "primeng_checkbox.js",
      "fileHash": "f23d25a0",
      "needsInterop": false
    },
    "primeng/chip": {
      "src": "../../../../../../node_modules/primeng/fesm2022/primeng-chip.mjs",
      "file": "primeng_chip.js",
      "fileHash": "4bebf80b",
      "needsInterop": false
    },
    "primeng/colorpicker": {
      "src": "../../../../../../node_modules/primeng/fesm2022/primeng-colorpicker.mjs",
      "file": "primeng_colorpicker.js",
      "fileHash": "103941ba",
      "needsInterop": false
    },
    "primeng/config": {
      "src": "../../../../../../node_modules/primeng/fesm2022/primeng-config.mjs",
      "file": "primeng_config.js",
      "fileHash": "2639f2e2",
      "needsInterop": false
    },
    "primeng/confirmdialog": {
      "src": "../../../../../../node_modules/primeng/fesm2022/primeng-confirmdialog.mjs",
      "file": "primeng_confirmdialog.js",
      "fileHash": "d78d066c",
      "needsInterop": false
    },
    "primeng/confirmpopup": {
      "src": "../../../../../../node_modules/primeng/fesm2022/primeng-confirmpopup.mjs",
      "file": "primeng_confirmpopup.js",
      "fileHash": "76b3cf54",
      "needsInterop": false
    },
    "primeng/contextmenu": {
      "src": "../../../../../../node_modules/primeng/fesm2022/primeng-contextmenu.mjs",
      "file": "primeng_contextmenu.js",
      "fileHash": "873a125d",
      "needsInterop": false
    },
    "primeng/dataview": {
      "src": "../../../../../../node_modules/primeng/fesm2022/primeng-dataview.mjs",
      "file": "primeng_dataview.js",
      "fileHash": "fc5b8f50",
      "needsInterop": false
    },
    "primeng/datepicker": {
      "src": "../../../../../../node_modules/primeng/fesm2022/primeng-datepicker.mjs",
      "file": "primeng_datepicker.js",
      "fileHash": "33da49d6",
      "needsInterop": false
    },
    "primeng/dialog": {
      "src": "../../../../../../node_modules/primeng/fesm2022/primeng-dialog.mjs",
      "file": "primeng_dialog.js",
      "fileHash": "3147cb92",
      "needsInterop": false
    },
    "primeng/divider": {
      "src": "../../../../../../node_modules/primeng/fesm2022/primeng-divider.mjs",
      "file": "primeng_divider.js",
      "fileHash": "8103e9ed",
      "needsInterop": false
    },
    "primeng/drawer": {
      "src": "../../../../../../node_modules/primeng/fesm2022/primeng-drawer.mjs",
      "file": "primeng_drawer.js",
      "fileHash": "d9b49c9c",
      "needsInterop": false
    },
    "primeng/fieldset": {
      "src": "../../../../../../node_modules/primeng/fesm2022/primeng-fieldset.mjs",
      "file": "primeng_fieldset.js",
      "fileHash": "2080e9ba",
      "needsInterop": false
    },
    "primeng/fileupload": {
      "src": "../../../../../../node_modules/primeng/fesm2022/primeng-fileupload.mjs",
      "file": "primeng_fileupload.js",
      "fileHash": "a3bd1547",
      "needsInterop": false
    },
    "primeng/floatlabel": {
      "src": "../../../../../../node_modules/primeng/fesm2022/primeng-floatlabel.mjs",
      "file": "primeng_floatlabel.js",
      "fileHash": "f7ec010f",
      "needsInterop": false
    },
    "primeng/fluid": {
      "src": "../../../../../../node_modules/primeng/fesm2022/primeng-fluid.mjs",
      "file": "primeng_fluid.js",
      "fileHash": "5a67f059",
      "needsInterop": false
    },
    "primeng/galleria": {
      "src": "../../../../../../node_modules/primeng/fesm2022/primeng-galleria.mjs",
      "file": "primeng_galleria.js",
      "fileHash": "8a11aa59",
      "needsInterop": false
    },
    "primeng/iconfield": {
      "src": "../../../../../../node_modules/primeng/fesm2022/primeng-iconfield.mjs",
      "file": "primeng_iconfield.js",
      "fileHash": "8eff01e9",
      "needsInterop": false
    },
    "primeng/image": {
      "src": "../../../../../../node_modules/primeng/fesm2022/primeng-image.mjs",
      "file": "primeng_image.js",
      "fileHash": "48cc8aad",
      "needsInterop": false
    },
    "primeng/inputgroup": {
      "src": "../../../../../../node_modules/primeng/fesm2022/primeng-inputgroup.mjs",
      "file": "primeng_inputgroup.js",
      "fileHash": "fec864d2",
      "needsInterop": false
    },
    "primeng/inputgroupaddon": {
      "src": "../../../../../../node_modules/primeng/fesm2022/primeng-inputgroupaddon.mjs",
      "file": "primeng_inputgroupaddon.js",
      "fileHash": "ef766a7a",
      "needsInterop": false
    },
    "primeng/inputicon": {
      "src": "../../../../../../node_modules/primeng/fesm2022/primeng-inputicon.mjs",
      "file": "primeng_inputicon.js",
      "fileHash": "f1faaf01",
      "needsInterop": false
    },
    "primeng/inputnumber": {
      "src": "../../../../../../node_modules/primeng/fesm2022/primeng-inputnumber.mjs",
      "file": "primeng_inputnumber.js",
      "fileHash": "4360d3bf",
      "needsInterop": false
    },
    "primeng/inputtext": {
      "src": "../../../../../../node_modules/primeng/fesm2022/primeng-inputtext.mjs",
      "file": "primeng_inputtext.js",
      "fileHash": "b3557963",
      "needsInterop": false
    },
    "primeng/knob": {
      "src": "../../../../../../node_modules/primeng/fesm2022/primeng-knob.mjs",
      "file": "primeng_knob.js",
      "fileHash": "1cdea2b9",
      "needsInterop": false
    },
    "primeng/listbox": {
      "src": "../../../../../../node_modules/primeng/fesm2022/primeng-listbox.mjs",
      "file": "primeng_listbox.js",
      "fileHash": "8d8006df",
      "needsInterop": false
    },
    "primeng/megamenu": {
      "src": "../../../../../../node_modules/primeng/fesm2022/primeng-megamenu.mjs",
      "file": "primeng_megamenu.js",
      "fileHash": "ccde0abb",
      "needsInterop": false
    },
    "primeng/menu": {
      "src": "../../../../../../node_modules/primeng/fesm2022/primeng-menu.mjs",
      "file": "primeng_menu.js",
      "fileHash": "ca00856a",
      "needsInterop": false
    },
    "primeng/menubar": {
      "src": "../../../../../../node_modules/primeng/fesm2022/primeng-menubar.mjs",
      "file": "primeng_menubar.js",
      "fileHash": "1b2b8bfd",
      "needsInterop": false
    },
    "primeng/message": {
      "src": "../../../../../../node_modules/primeng/fesm2022/primeng-message.mjs",
      "file": "primeng_message.js",
      "fileHash": "d4dd7617",
      "needsInterop": false
    },
    "primeng/multiselect": {
      "src": "../../../../../../node_modules/primeng/fesm2022/primeng-multiselect.mjs",
      "file": "primeng_multiselect.js",
      "fileHash": "78d41e40",
      "needsInterop": false
    },
    "primeng/orderlist": {
      "src": "../../../../../../node_modules/primeng/fesm2022/primeng-orderlist.mjs",
      "file": "primeng_orderlist.js",
      "fileHash": "cdd99ea4",
      "needsInterop": false
    },
    "primeng/overlaybadge": {
      "src": "../../../../../../node_modules/primeng/fesm2022/primeng-overlaybadge.mjs",
      "file": "primeng_overlaybadge.js",
      "fileHash": "42be854e",
      "needsInterop": false
    },
    "primeng/panel": {
      "src": "../../../../../../node_modules/primeng/fesm2022/primeng-panel.mjs",
      "file": "primeng_panel.js",
      "fileHash": "aab08e1f",
      "needsInterop": false
    },
    "primeng/panelmenu": {
      "src": "../../../../../../node_modules/primeng/fesm2022/primeng-panelmenu.mjs",
      "file": "primeng_panelmenu.js",
      "fileHash": "6acdc066",
      "needsInterop": false
    },
    "primeng/password": {
      "src": "../../../../../../node_modules/primeng/fesm2022/primeng-password.mjs",
      "file": "primeng_password.js",
      "fileHash": "1cdafd65",
      "needsInterop": false
    },
    "primeng/picklist": {
      "src": "../../../../../../node_modules/primeng/fesm2022/primeng-picklist.mjs",
      "file": "primeng_picklist.js",
      "fileHash": "6d143f6f",
      "needsInterop": false
    },
    "primeng/popover": {
      "src": "../../../../../../node_modules/primeng/fesm2022/primeng-popover.mjs",
      "file": "primeng_popover.js",
      "fileHash": "68fed766",
      "needsInterop": false
    },
    "primeng/progressbar": {
      "src": "../../../../../../node_modules/primeng/fesm2022/primeng-progressbar.mjs",
      "file": "primeng_progressbar.js",
      "fileHash": "91591c39",
      "needsInterop": false
    },
    "primeng/radiobutton": {
      "src": "../../../../../../node_modules/primeng/fesm2022/primeng-radiobutton.mjs",
      "file": "primeng_radiobutton.js",
      "fileHash": "9479a454",
      "needsInterop": false
    },
    "primeng/rating": {
      "src": "../../../../../../node_modules/primeng/fesm2022/primeng-rating.mjs",
      "file": "primeng_rating.js",
      "fileHash": "77daf1a7",
      "needsInterop": false
    },
    "primeng/ripple": {
      "src": "../../../../../../node_modules/primeng/fesm2022/primeng-ripple.mjs",
      "file": "primeng_ripple.js",
      "fileHash": "2c635f7f",
      "needsInterop": false
    },
    "primeng/scrollpanel": {
      "src": "../../../../../../node_modules/primeng/fesm2022/primeng-scrollpanel.mjs",
      "file": "primeng_scrollpanel.js",
      "fileHash": "db72abf4",
      "needsInterop": false
    },
    "primeng/scrolltop": {
      "src": "../../../../../../node_modules/primeng/fesm2022/primeng-scrolltop.mjs",
      "file": "primeng_scrolltop.js",
      "fileHash": "80d746e8",
      "needsInterop": false
    },
    "primeng/select": {
      "src": "../../../../../../node_modules/primeng/fesm2022/primeng-select.mjs",
      "file": "primeng_select.js",
      "fileHash": "d01b4386",
      "needsInterop": false
    },
    "primeng/selectbutton": {
      "src": "../../../../../../node_modules/primeng/fesm2022/primeng-selectbutton.mjs",
      "file": "primeng_selectbutton.js",
      "fileHash": "e794e5b4",
      "needsInterop": false
    },
    "primeng/skeleton": {
      "src": "../../../../../../node_modules/primeng/fesm2022/primeng-skeleton.mjs",
      "file": "primeng_skeleton.js",
      "fileHash": "e10eff19",
      "needsInterop": false
    },
    "primeng/slider": {
      "src": "../../../../../../node_modules/primeng/fesm2022/primeng-slider.mjs",
      "file": "primeng_slider.js",
      "fileHash": "817348e8",
      "needsInterop": false
    },
    "primeng/splitbutton": {
      "src": "../../../../../../node_modules/primeng/fesm2022/primeng-splitbutton.mjs",
      "file": "primeng_splitbutton.js",
      "fileHash": "18313fce",
      "needsInterop": false
    },
    "primeng/splitter": {
      "src": "../../../../../../node_modules/primeng/fesm2022/primeng-splitter.mjs",
      "file": "primeng_splitter.js",
      "fileHash": "34f6b145",
      "needsInterop": false
    },
    "primeng/stepper": {
      "src": "../../../../../../node_modules/primeng/fesm2022/primeng-stepper.mjs",
      "file": "primeng_stepper.js",
      "fileHash": "6f352756",
      "needsInterop": false
    },
    "primeng/styleclass": {
      "src": "../../../../../../node_modules/primeng/fesm2022/primeng-styleclass.mjs",
      "file": "primeng_styleclass.js",
      "fileHash": "d15344a0",
      "needsInterop": false
    },
    "primeng/table": {
      "src": "../../../../../../node_modules/primeng/fesm2022/primeng-table.mjs",
      "file": "primeng_table.js",
      "fileHash": "db6207e0",
      "needsInterop": false
    },
    "primeng/tabs": {
      "src": "../../../../../../node_modules/primeng/fesm2022/primeng-tabs.mjs",
      "file": "primeng_tabs.js",
      "fileHash": "4ed4c758",
      "needsInterop": false
    },
    "primeng/tag": {
      "src": "../../../../../../node_modules/primeng/fesm2022/primeng-tag.mjs",
      "file": "primeng_tag.js",
      "fileHash": "b6d461a5",
      "needsInterop": false
    },
    "primeng/textarea": {
      "src": "../../../../../../node_modules/primeng/fesm2022/primeng-textarea.mjs",
      "file": "primeng_textarea.js",
      "fileHash": "72c7b0f0",
      "needsInterop": false
    },
    "primeng/tieredmenu": {
      "src": "../../../../../../node_modules/primeng/fesm2022/primeng-tieredmenu.mjs",
      "file": "primeng_tieredmenu.js",
      "fileHash": "198ccb55",
      "needsInterop": false
    },
    "primeng/timeline": {
      "src": "../../../../../../node_modules/primeng/fesm2022/primeng-timeline.mjs",
      "file": "primeng_timeline.js",
      "fileHash": "591dc192",
      "needsInterop": false
    },
    "primeng/toast": {
      "src": "../../../../../../node_modules/primeng/fesm2022/primeng-toast.mjs",
      "file": "primeng_toast.js",
      "fileHash": "a8311ad3",
      "needsInterop": false
    },
    "primeng/togglebutton": {
      "src": "../../../../../../node_modules/primeng/fesm2022/primeng-togglebutton.mjs",
      "file": "primeng_togglebutton.js",
      "fileHash": "e2ca579b",
      "needsInterop": false
    },
    "primeng/toggleswitch": {
      "src": "../../../../../../node_modules/primeng/fesm2022/primeng-toggleswitch.mjs",
      "file": "primeng_toggleswitch.js",
      "fileHash": "fdb1c7a9",
      "needsInterop": false
    },
    "primeng/toolbar": {
      "src": "../../../../../../node_modules/primeng/fesm2022/primeng-toolbar.mjs",
      "file": "primeng_toolbar.js",
      "fileHash": "10bd860a",
      "needsInterop": false
    },
    "primeng/tooltip": {
      "src": "../../../../../../node_modules/primeng/fesm2022/primeng-tooltip.mjs",
      "file": "primeng_tooltip.js",
      "fileHash": "2d5e801c",
      "needsInterop": false
    },
    "primeng/tree": {
      "src": "../../../../../../node_modules/primeng/fesm2022/primeng-tree.mjs",
      "file": "primeng_tree.js",
      "fileHash": "32380a47",
      "needsInterop": false
    },
    "primeng/treeselect": {
      "src": "../../../../../../node_modules/primeng/fesm2022/primeng-treeselect.mjs",
      "file": "primeng_treeselect.js",
      "fileHash": "f76c04c5",
      "needsInterop": false
    },
    "primeng/treetable": {
      "src": "../../../../../../node_modules/primeng/fesm2022/primeng-treetable.mjs",
      "file": "primeng_treetable.js",
      "fileHash": "da45531b",
      "needsInterop": false
    },
    "rxjs": {
      "src": "../../../../../../node_modules/rxjs/dist/esm5/index.js",
      "file": "rxjs.js",
      "fileHash": "f0b5b9c6",
      "needsInterop": false
    },
    "rxjs/operators": {
      "src": "../../../../../../node_modules/rxjs/dist/esm5/operators/index.js",
      "file": "rxjs_operators.js",
      "fileHash": "af5ba0ae",
      "needsInterop": false
    }
  },
  "chunks": {
    "browser-ZFV7JMEU": {
      "file": "browser-ZFV7JMEU.js"
    },
    "chunk-DH4T5ZTT": {
      "file": "chunk-DH4T5ZTT.js"
    },
    "chunk-P4NV7PLH": {
      "file": "chunk-P4NV7PLH.js"
    },
    "chunk-7GE73CJV": {
      "file": "chunk-7GE73CJV.js"
    },
    "chunk-TQH52GOV": {
      "file": "chunk-TQH52GOV.js"
    },
    "chunk-2REHMEV4": {
      "file": "chunk-2REHMEV4.js"
    },
    "chunk-2TS7II2E": {
      "file": "chunk-2TS7II2E.js"
    },
    "chunk-WHTFDQKL": {
      "file": "chunk-WHTFDQKL.js"
    },
    "chunk-7OTYCCRZ": {
      "file": "chunk-7OTYCCRZ.js"
    },
    "chunk-O4FYZ6V3": {
      "file": "chunk-O4FYZ6V3.js"
    },
    "chunk-TEBZJQUH": {
      "file": "chunk-TEBZJQUH.js"
    },
    "chunk-PKMWOYSC": {
      "file": "chunk-PKMWOYSC.js"
    },
    "chunk-XWRYO44K": {
      "file": "chunk-XWRYO44K.js"
    },
    "chunk-5GUWKDUG": {
      "file": "chunk-5GUWKDUG.js"
    },
    "chunk-TPBNLV67": {
      "file": "chunk-TPBNLV67.js"
    },
    "chunk-WYFGFPGO": {
      "file": "chunk-WYFGFPGO.js"
    },
    "chunk-RAF6U2GI": {
      "file": "chunk-RAF6U2GI.js"
    },
    "chunk-EPTLQJK5": {
      "file": "chunk-EPTLQJK5.js"
    },
    "chunk-2GMNVRF5": {
      "file": "chunk-2GMNVRF5.js"
    },
    "chunk-TUYMXIST": {
      "file": "chunk-TUYMXIST.js"
    },
    "chunk-GIWBWCSV": {
      "file": "chunk-GIWBWCSV.js"
    },
    "chunk-EI5XMX2N": {
      "file": "chunk-EI5XMX2N.js"
    },
    "chunk-FMOWSSX2": {
      "file": "chunk-FMOWSSX2.js"
    },
    "chunk-XX2QQ7OF": {
      "file": "chunk-XX2QQ7OF.js"
    },
    "chunk-L4KRVVZR": {
      "file": "chunk-L4KRVVZR.js"
    },
    "chunk-PG6RLT2D": {
      "file": "chunk-PG6RLT2D.js"
    },
    "chunk-5G7WYC4N": {
      "file": "chunk-5G7WYC4N.js"
    },
    "chunk-JD2JYPRB": {
      "file": "chunk-JD2JYPRB.js"
    },
    "chunk-DAIA44NR": {
      "file": "chunk-DAIA44NR.js"
    },
    "chunk-CB5YMBNG": {
      "file": "chunk-CB5YMBNG.js"
    },
    "chunk-DHWVVTZS": {
      "file": "chunk-DHWVVTZS.js"
    },
    "chunk-S74GFNY3": {
      "file": "chunk-S74GFNY3.js"
    },
    "chunk-7Q4DE4N3": {
      "file": "chunk-7Q4DE4N3.js"
    },
    "chunk-CZCTYNWG": {
      "file": "chunk-CZCTYNWG.js"
    },
    "chunk-GFVF2TMO": {
      "file": "chunk-GFVF2TMO.js"
    },
    "chunk-4QKMOSD7": {
      "file": "chunk-4QKMOSD7.js"
    },
    "chunk-XGVA53LS": {
      "file": "chunk-XGVA53LS.js"
    },
    "chunk-US7LRVFB": {
      "file": "chunk-US7LRVFB.js"
    },
    "chunk-PXYLXCRT": {
      "file": "chunk-PXYLXCRT.js"
    },
    "chunk-VSBBM3UU": {
      "file": "chunk-VSBBM3UU.js"
    },
    "chunk-EI66AYUA": {
      "file": "chunk-EI66AYUA.js"
    },
    "chunk-VY6NIPAV": {
      "file": "chunk-VY6NIPAV.js"
    },
    "chunk-4THGAS2G": {
      "file": "chunk-4THGAS2G.js"
    },
    "chunk-FCPBNRVL": {
      "file": "chunk-FCPBNRVL.js"
    },
    "chunk-4N4GOYJH": {
      "file": "chunk-4N4GOYJH.js"
    },
    "chunk-5OPE3T2R": {
      "file": "chunk-5OPE3T2R.js"
    },
    "chunk-FHTVLBLO": {
      "file": "chunk-FHTVLBLO.js"
    },
    "chunk-3OV72XIM": {
      "file": "chunk-3OV72XIM.js"
    }
  }
}